zh-CN,ko

# ===캐릭터이름===


莱娜,레나
莱娅,리바
维普蕾,베프리
闪电,그로자
波波沙,파파샤
洛塔,롯타
朝晖,조휘
可露凯,클루카이
莉塔拉,리타라
索米,수오미
克罗丽科,캐롤릭
纳美西丝,네메시스
寇尔芙,콜펜
美玲,메이링
佩里缇亚,페리티아
佩莉,페리
夏克里,샤크리
杜莎妮,드셰브니
奇塔,치타
托洛洛,토로로
纳甘,나강
琼玖,경구
桑朵莱希,센타우레이시
塞布丽娜,사브리나
黛烟,대연
莫辛,모신
玛绮朵,마키아토
绛雨,강우
科谢尼娅,크세니아
乌尔丽德,울리드
斯捷奇金,스테츠킨
安朵丝,안도리스
绯,페이
维克托,벡터
米什缇,미슈티
比悠卡,비욜카
春田,스프링필드
琳德,린드
秋桦,추화
幼熙,유희
妮基塔,니키타
洛贝拉,로벨라
埃芙,앨바
威玛西娜,보이마스티나
巴希达,바틸다
刘易斯,루이스
海伦,헬렌
翡图萨,파에투사
樱花,사쿠라
罗蕾莱,로렐라이
哈卜茜,하프시
夏安,샤이엔
刘莳,류시
贝丝蒂,베스티
六分仪,섹스턴스
OTs-14,OTs-14
纳美西丝·衍光,네메시스·연광
索普,소프
米蒂尔,미틸
芙铃,페일린
贝蒂斯,바스티
维尔德,웰로드
克莱妲,콜레다
阿斯缇亚,아스테리아
# ===NPC===
德米特里,드미트리
萨珈,사쟈
赫瑞尤,크리피움
帕斯卡莉亚,페르시카
帕斯卡,페르시카
格琳娜,카리나
赫丽安,헬리안
丹德莱,댄들라이
赫利,헤리
蓝雪球,블루스피어
海伦娜,헬레나
茧,코쿤
涅托,니토
妮特,니터
佩妮泽,폴루드니차
思格特,스카르테
黑眼,다츄어
厄舍上尉,우세리 대위
弗拉基米尔准尉,블라디미르 준위
布瑟尔,베르셀
阿米达,아민다
雅各布,야코프
兰珀蒂娅,람페티에
罗莎琳,로잘린
佛尔卡什,파르카스
菲奥多,피오도
克罗耶尔,크뢰이어
维因,웨인
西比拉,시빌라
赫丽安图丝,헬리안투스
赫蒂,헤이디
茜丝莉,시슬리
夏洛特,샬럿
亨利,헨리
贝拉,벨라
克拉拉,클라라
德尔,데레
兰汀,렌틴
康尼,코니
尼古拉,니콜라스
莱布妮丝,라이브니스
斐狄,파데이
艾达,에이다
梅兰妮,멜라니
安洁莉娅,안젤리아
奇洛薇格,칠로베이그
欧菲露妮,오르페루네
萨曼莎·肖,서맨사 쇼
爵士,훈작사
哈维尔,하벨
奈乐,넬레
白獒,마스티프
雪狼,백랑
噩兆,흉조
针,이글라
知穗,지수
卡萝,쿠로
清道夫,스위퍼
伊格蕾塔,이글레타


涂装,도색
配件,파츠
队长,대장
专属契合套装,전용 결합 세트
入队,영입
伯介姆,부점
坍塌昙花,붕괴우담화
霜降,상강
希岸,시온
二级平层,레벨 2 플랫폼
纽虫,끈벌레
萨狄斯金,사르디스 골드
晶条,샤드
绘像,아이콘
绘像框,액자
白区,화이트존
绿区,그린존
黄区,옐로우존
素银匿信,은빛에 숨겨진 편지
匿影而生,그림자에 숨은 삶
错位锚定,어긋난 앵커
边界推进,변경 추진
火花之罪,불꽃의 죄
仁心仁术,인심인술
安提娅,안티아
和莱希的五十天,50일의 메이드
闪耀星愿,반짝이는 별의 소원
磐脉之根,암맥의 뿌리
叠岩之根,겹암의 뿌리
髓柱之根,골수기둥의 뿌리
千须之根,천수염의 뿌리
熵叠之茎,겹엔트로피의 줄기
鞘钉之茎,칼집못의 줄기
锋锐之茎,예리의 줄기
裂隙之茎,균열의 줄기
碧络之叶,벽락의 잎
源栅之叶,원책의 잎
晨露之叶,새벽이슬의 잎
逆棘之叶,역가시의 잎
穹顶之花,궁륭의 꽃
戮冠之花,육관의 꽃
瓣鞘之花,판초의 꽃
烈萼之花,열꽃받침의 꽃
次世代内存条,차세대 RAM
大容量内存条,대용량 RAM
普通内存条,평범한 RAM
铭契之环,결약의 고리
拟态图谱,리몰딩 패턴
水吧,드링크 바
心智回路,마인드맵 회로
心智突破,마인드 돌파
心智螺旋,뉴럴 헬릭스
艾莫号的,엘모호


#===몹NPC===
熔岩巨人,수르트
灼光巨人,아르게스
电芒巨人,스테로페스
焦土巨人,요르드
雷鸣巨人,브론테스
莫普1.5·除净版一型,모프 1.5·세척형I
莫普1.5·除净版Ⅰ,모프 1.5·청소 버전 I
莫普1.5·试作版三型,모프 1.5·시제기III
莫普1.5·试作版Ⅲ,모프 1.5·시작 버전 III
巡卫,패트롤
治安,폴리스
埃吉欧,에지오
先锋誓卫,호위군 선봉
特战誓卫一型,호위군 특전사 I
复合哨兵一型,컴포짓 센트리Ⅰ
猛犸号·改,맘모스호·개량형
无序幽灵一型,무질서의 유령Ⅰ
定序幽灵一型,질서의 유령Ⅰ
傀儡人形·暴风猎手,꼭두각시·스톰 헌터
傀儡人形·精准脉冲,꼭두각시·샤프슈터
傀儡人形·刀锋行者一型,꼭두각시·블레이드 러너Ⅰ
傀儡人形·水形一型,꼭두각시·아쿠아 Ⅰ
傀儡人形·寒冻Ⅰ,꼭두각시·프로스트 Ⅰ
针·异化,이글라·이형
聚合熵·函数狱,응집 엔트로피·펑션 헬
熵病毒·γI,엔트로피 바이러스·γI
剑锷泰坦·暴斩,소드 가드 티탄·폭참
歌利亚,골리앗
信息茧房·侵入,데이터 코쿤·침입
转码器,인코더
獠牙铁兽·猎杀,송곳니 강철수·헌터
尖喙铁兽·浊雷,부리 강철수·탁뢰
壁瘤棘虫·戮,투모링커스·살육
改装重机枪模组-Ⅰ型,개조 중기관총 모듈-Ⅰ
改装榴弹发射模组-Ⅰ型,개조 유탄 발사 모듈-Ⅰ
榴弹发射模组·超远距IV型,유탄 발사 모듈·초장거리 IV형
重刃圣盾·轻骑型,대도 이지스·후사르
硬甲恶囚I,장갑 콘빅트 I
半脑恶囚I,반뇌 콘빅트 I
寄生恶囚I,기생 콘빅트I
伴行恶囚I,동행 콘빅트 I
突击兵一型,돌격병Ⅰ
不耐烦的顾客,짜증난 손님
好说话的顾客,넉살좋은 손님
超级兵蚁？,슈퍼 디너게이트?
城市广播,시내 방송
小熊？,곰돌이...?
小孩,어린이
母亲,어머니
小哔,삐삐
？？,??
暴躁的青年,험상궂은 청년
散漫的青年,산만한 청년
矮个男子,키작은 남자
？？？,???
紧张的战术人形,긴장한 전술인형
生骸,시생물
GSP-337,GSP-337
开朗的战术人形,밝은 전술인형
忙碌的战术人形,바쁜 전술인형
KSVK,KSVK
犹豫的普通人形,망설이는 민수용 인형
务实的战术人形,실무적인 전술인형
兴奋的战术人形,들뜬 전술인형
振奋的普通人形,기운 내는 일반인형
警惕的战术人形,경계하는 전술인형
谨慎的战术人形,신중한 전술인형
不安的普通人形,불안한 민수용 인형
悲观的战术人形,비관적인 전술인형
理性的战术人形,이성적인 전술인형
乐观的战术人形,낙천적인 전술인형
不满的战术人形,불만 있는 전술인형
犹豫的战术人形,망설이는 전술인형
乐观的混合心智,낙천적인 혼합 마인드맵
犹疑的混合心智,의심 많은 혼합 마인드맵
居住点负责人,정착지 담당자
随和的成员,유순한 바랴그단
淡定的成员,차분한 바랴그단
得意的孩子,득의양양한 아이
胆怯的孩子,겁 많은 아이
谨慎的孩子,소심한 아이
收货人,수취인
瓦良格帮成员,바랴그단원
系统,시스템
机械,기계
桑朵莱希、玛绮朵,센타우레이시 & 마키아토
劫匪,강도
陌生少年？,낯선 소년?
陌生少女,낯선 소녀
剧团经理,극단 매니저
慌乱的男人,당황한 남자
狼狈的男人,엉망인 남자
被绑住的男子,포박된 남자
慌乱的二人,당황한 두 사람
愤怒的男声,분노한 남성 목소리
熟悉的女声,익숙한 여성 목소리
兴奋的剧团成员,흥분한 극단 멤버
黄区居民,옐로우존 주민
开心的剧团成员,기쁜 극단 멤버
导演,감독
年轻的男演员,젊은 남배우
年轻的女演员,젊은 여배우
乌琪,루체
代号90,No.90
TMP,TMP
G36K-KSK,G36K-KSK
HK416,HK416
G28,G28
喀什玛,코시마르
安保机器人,보안 로봇
众人,일동
G11,G11
客人,손님
开心的维修人员,신난 정비사
随和的维修人员,둥근 정비사
魁梧的维修人员,우람한 정비사
教学视频,교육 영상
生气的顾客,성난 고객
焦躁的赏金猎人,초조한 현상금 사냥꾼
随意的赏金猎人,나긋한 현상금 사냥꾼
安保,보안요원
中年男人,중년 남성
铁路警察,철도 경찰
平民,민간인
人形,인형
神秘留言,미스테리한 메시지
村民（杜莎妮）,마을사람(드셰브니)
领主（指挥官）,영주(지휘관)
海伦娜？？,헬레나??
海伦娜D-68,헬레나 D-68
老尼尔,닐
广播,방송
工作人员,직원
领头暗商,암상인 리더
莫普,모프
小狗,강아지
“春田”,"스프링필드"
秘书,비서
拉夫尔,라브렌티
德拉臣,드라켄
暴躁的瓦良格帮成员,사나운 바랴그단원
凶狠的瓦良格帮成员,잔인한 바랴그단원
参赛暗商,참가자 암상인
保镖,경비원
摊主,가게 주인
格拉希尔,글라시르
未知对象,신원불명
###,###
瓦良格帮头目,바랴그단 두목
混合型伯介姆,혼합형 부점
委托人,의뢰인
侦察小组成员,정찰팀 대원
洲际列车广播,열차 방송
检察员,검문요원
UMP9,UMP9
阿历克斯,알렉스
新闻播报,뉴스 아나운서
车站广播,열차역 방송
奥德卅首席,오데사 수석
达伦·克劳迪,대런 클로드
混混,양아치
驻军中尉,주둔군 중위
驻军下士,주둔군 하사
怕事的成员,소심한 단원
暴戾的成员,험상궂은 단원
谄媚的成员,아부쟁이 단원
暗商,암상인
长袍人群的领头人,로브 차림 인솔자
长袍人群,로브 차림들
奇怪的长袍人,이상한 로브 차림
虔诚的长袍人,경건한 로브 차림
狂热的长袍人,열광적인 로브 차림
黑色人影,검은 옷
愤怒的长袍人,분노한 로브 차림
虔诚的徒从,경건한 신도
徒从们,신도들
欣喜的徒从,기쁜 신도
狂热的徒从,열광하는 신도
诧异的士兵,경악한 병사
洛林,로렌
勘测部队联络员,조사부대 통신병
可靠的士兵,믿음직한 병사
谨慎的士兵,신중한 병사
认真的士兵,진지한 병사
勘测部队准尉,조사부대 준위
勘测部队士兵们,조사부대 병사들
新苏联士兵,신소련 병사
小心的士兵,소심한 병사
伊万,이반
曼尼安保成员,매그니 대원
曼尼安保队长,매그니 시큐리티 대장
勤劳的士兵,부지런한 병사
神秘人,수수께끼의 인물
“翻译器”,“통역기”
“纳美西丝POD”,“네메시스 POD”
观众,관객
UMP45,UMP45
管理员,매니저
人形们,인형들
不耐烦的观众,귀찮은 관객
急躁的观众,성미 급한 관객
胆小的观众,소심한 관객
阴沉的观众,음침한 관객
迟钝的工作人员,둔한 직원
精明的工作人员,눈치 빠른 직원
瘦弱的袭击者,가녀린 습격자
魁梧的袭击者,우람한 습격자
新闻广播,뉴스 방송
亨利·威尔逊,헨리 윌슨
杜莎妮？,드셰브니?
孩子,아이
清洁机器人,로봇 청소기
后勤部职员,후방지원부 직원
安保人形,안보 인형
中年男子,중년 남자
店长,점장
队员,대원
AK-Alfa,AK-Alfa
奇塔录音,치타 녹음
PzB39,PzB39
治安人员,치안대원
管家,집사
年轻女性,젊은 여자
WKp,WKp
前线人形,전선 인형
担心的人形,걱정하는 인형
坚定的人形,단호한 인형
激动的人形,흥분한 인형
II_77090,II_77090
负伤的赏金猎人,다친 현상금 사냥꾼
恼怒的赏金猎人,분노한 현상금 사냥꾼
惊慌的人形,당황한 인형
不忿的人形,분개한 인형
赏金猎人首领,현상금 사냥꾼 리더
紧张的人形,긴장한 인형
焦急的人形,초조한 인형
欣喜的人形,기쁜 인형
开心的人形,즐거운 인형
愤愤不平的人形,불평 가득한 인형
惊讶的人形,놀란 인형
感慨的人形,감탄하는 인형
兴奋的人形,흥분한 인형
开朗的人形,유쾌한 인형
女子,여자
97式,97식
芳音,팡인
暴躁的客人,난폭한 손님
排队的客人,줄 선 손님
稳重的客人,침착한 손님
认真的客人,진지한 손님
随和的客人,살가운 손님
主持人,MC
可疑男子,수상한 남자
悠闲的客人,느긋한 손님
酒吧老板,바 마스터
服务人形,서비스직 인형
快递员组长,택배원 팀장
快递员,택배원
修车行老板,정비소 주인
混混青年,젊은 깡패
面包车司机,봉고차 기사
邻居,이웃
纵火犯,방화범
加莉娜,갈리나
高瘦的男子,키크고 마른 남자
粗壮的男子,건장한 남자
防御机械,방어 로봇
恶龙,드래곤
认真的人形,진지한 인형
亲切的人形,친절한 인형
薇拉Idle,벨라 Idle
薇拉Ridicule,베라 Ridicule
薇拉Sad,벨라 Sad
珀伽索Idle,페가수스 Idle
珀伽索比身高,페가수스의 키
卫队成员男,호위대원 남
卫队成员女,호위대원 여
男孩,남자아이
军人,군인
男人,남자
刘氏步枪,류 소총
56-1式,56-1식
翼骑兵,비익기병대
留里克·吉拉尔,류리크 지라드
哨崖镇长,벼랑마을 이장
镇长,촌장
帕维尔·斯莫林,파빌 스몰린
帕维尔的部下,파빌의 부하
卢米,루미
车内广播,내부 방송
店员,점원
警报,경보
服务员,종업원
《观察日记》,《관찰 일기》
窃窃私语的顾客,속닥거리는 고객
艾黎·布兰登,에일리 브란돈
卡蜜拉（？）,카밀라?
狄兰·卡蜜拉,델린 카밀라
惊慌的侍者,당황한 종업원
寇尔芙？,콜펜은?
小女孩,여자아이
警卫,경찰이
监察官雷欧,감찰관 레오
监察官,감찰관
尤拉,유라
副官,부관
*系统提示*,*시스템 안내*
勘测部队士兵,조사부대 병사
伤员,부상자
拾荒者,스캐빈저
冷漠的声音,냉담한 목소리
干练的声音,똑부러진 목소리
德利娅,델리아
远征队长凯伦,원정대장 캘런
经过处理的声音,변조된 목소리
玛绮朵&桑朵莱希,마키아토 & 센타우레이시
小队队长,팀장
柯尼,케니
曼尼安保士兵,매그니 병사
加密的声音,변조된 목소리
本地音源,현장의 목소리
辛普森,심프슨
自律机器人,자율로봇
热情的小贩,열정적인 소상인
精明的小贩,깐깐한 소상인
犹豫的拾荒者,망설이는 스캐빈저
热情的拾荒者,열정적인 스캐빈저
电话里的声音,전화 속 목소리
模糊的声音,흐릿한 목소리
人类的声音,인간의 목소리
六分仪的声音,섹스턴스의 목소리
低沉的嗓音,묵직한 목소리
研究员A,연구원 A
研究员B,연구원 B
熟悉的声音,익숙한 목소리
曼尼安保众队员,매그니 대원들
波文,보웬
小男孩,남자아이
杰罗曼,젤로먼
商人,상인
司机,운전기사
兰妮,랜니
指令输入>_,명령 입력>_
数据记录>_,데이터 기록>_
“卢米”,루미
愤怒的路人,열받은 행인
惊慌的路人,당황한 행인
疑惑的路人,어리둥절한 행인
生气的路人,성난 행인
卡门,카르멘
伊涅萨,이넷사
戴维,데이비
留里克,류리크
通讯终端,통신 단말기
巴维尔,파벨
老板,사장
收银机,카운터
孩子们,아이들
艾尔文,에르빈
开朗的女孩,해맑은 여자아이
库利奇,쿨리치
开朗的男孩,해맑은 남자아이
格蕾丝老师,그레이스 선생
活泼的女孩,활발한 여자아이
害羞的女孩,수줍은 여자아이
奥列克,올레그
音频,오디오
接待员,접수원
运输队员,수송대원
女声,여성 목소리
男声,남성 목소리
居民,주민
安东尼,안소니
斯科特,스콧
下属,부하
少年,소년
星愿大师,위시 마스터
暴躁的声音,난폭한 목소리
乌娜,우나
克鲁格,크루거
齐默尔曼,치머만
搜查人员,수사대원
记者,기자
G11？,G11?
AN-94,AN-94
系统提示,시스템 안내
系统防御机械？,시스템 방어기계?
黑眼？,다츄어?
新闻主持,뉴스 아나운서
激动的游行市民,과격한 시위대
惊慌的游行市民,당황한 시위대
治安机械,치안 로봇
特管处人员,특관처 직원
外援队队员,지원부대 대원
校车司机,스쿨버스 기사
阿丽娜,알리나
接待人员,접대 직원
不满的P.M.C.成员,불만스러운 P.M.C.부대원
医护人员,의료대원
虚弱的P.M.C.成员,허약한 P.M.C.부대원
P.M.C.成员,P.M.C.부대원
机组人员,스튜어디스
陌生人形,낯선 인형
焦急的技术人员,조급한 기술자
老练的技术人员,노련한 기술자
瓦西里,바실리
避难部队成员,피난호송부대원
轨道军士兵,철도군 병사
为难的治安人员,곤란해하는 치안대원
无奈的治安人员,체념한 치안대원
疲惫的治安人员,지친 치안대원
忙碌的技术人员,바쁜 기술자
警觉的前线部队成员,경계하는 전선부대원
惊慌的前线部队成员,당황한 전선부대원
慌乱的作战人员,패닉에 빠진 작전 인원
与会众人,참석자들
慌张的避难部队成员,죽어가는 피난호송부대원
神秘女孩,수수께끼의 소녀
谨慎的普通人形,신중한 일반 인형
UMP40,UMP40
暴躁的可疑男子,난폭한 거수자
40？,40?
格琳？,카린?
愤怒的可疑男子,분노한 거수자
SPAS-12,SPAS-12
奇异声响,이상한 소리
巨型机械,거대 기계
UMP40的虚拟人格,UMP40의 가상 인격
UMP40？,UMP40?
UMP40保护程序,UMP40 보호 프로그램
神秘黑影,수수께끼의 검은 형체
惊慌的可疑男子,당황한 거수자 남성
匿名用户,익명의 유저
卡尔,칼
雅科夫,야코프
年轻的演员,젊은 배우
剧团成员,극단 단원
“佐拉”,‘졸라’
惊恐的女性,겁에 질린 여성
埃斯梅,에스메
米娅,미아
所有游客,모든 관광객
其他游客,다른 손님
其他玩家,다른 플레이어
惊慌的游客,당황한 관광객
芙勒,플뢰르
扮装小丑,분장한 광대
米雷耶,미레유
珀琳,펄린
米雷耶？,미레유?
珀琳？,펄린?
埃斯梅？,에스메?
少女,소녀
不知名的游客,정체불명의 손님
防卫机械,방어 기계
绿区儿童,그린존 어린이
奇塔、琳德,치타, 린드
星愿大师（红眼）,위시 마스터(적안)
朗尼,로니
希尔,힐
奥尔菲娅,오르피아
伊莎,이샤
艾琳达,엘린다
星愿大师（蓝眼）,위시 마스터(청안)
安保人员,보안 인원
富商A,부유한 상인A
富商B,부유한 상인B
陌生的男子,낯선 남자
茜莉亚,세실리아
宾客1,빈객1
宾客2,빈객2
宾客3,빈객3
宾客4,빈객4
宾客,빈객
荷官,딜러
机械音,기계음
人形选手,인형 선수
陌生的人形,낯선 인형
实验人员,실험 인원
侍者,웨이터
克罗丽科K-09,캐롤릭K-09
琼玖&奇塔,경구&치타
琼玖、奇塔,경구, 치타
霜降小队,상강 소대
小机器人,작은 로봇
手环,팔찌
暴怒的瓦良格帮成员,분노한 바랴그단원
状况外的瓦良格帮成员,뜻밖인 바랴그단원
机械提示音,기계 안내음
绝望的瓦良格帮成员,절망한 바랴그단원
平静的瓦良格帮成员,차분한 바랴그단원
曼尼第二小队成员,매그니 제2소대 대원
曼尼第二小队队长,매그니 제2소대 대장
瓦良格帮派队长,바랴그단 파견부대장
洛克菲,록펠
旁观者,방관자
徒从,신도
逃跑的人,도망치는 사람
瓦良格帮,바랴그단
谨慎的治安队员,신중한 치안대원
严肃的治安队员,엄숙한 치안대원
福利院安保,고아원 경비
骄傲的瓦良格帮成员,교만한 바랴그단원
朴实的瓦良格帮成员,소박한 바랴그단원
冒进的研究人员,성급한 연구원
担忧的研究人员,겁 많은 연구원
慌张的研究人员,당황한 연구원
克罗丽科？,캐롤릭?
用户317ZZ943B#@00,유저317ZZ943B#@00
？？？？,？？？？
安全系统,보안 시스템
研究员,연구원
“白獒”,‘맹견’
军方人员,군인
军官,장교
女孩,여자아이
父亲,아버지
海滩大师,해변 마스터
危重病患,위급한 환자
通讯器里的声音,통신기 속 목소리
青年男子,청년 남성
中年女子,중년 여성
护士,간호사
年轻的医生,젊은 의사
安防小组队员们,보안팀 대원들
治安部门人员,순찰대원
“雪狼”,‘설랑’
武装人员,무장 인원
驾驶员,조종사
“魔方”,‘큐브’
警备员,경비원
军方代表,군부 측 대표
格琳喵,카리냥
年迈的病患,나이든 환자
大吵大嚷的病患,시끄러운 환자
护理师,요양사
服务生,웨이터
莱娅&莱娜,리바 & 레나
小孩子的哭声,어린 울음소리
傀儡人形,더미 인형
记者？,기자?
RPK-16,RPK-16
AK-15,AK-15
另一个埃芙,또 한 명의 앨바
AK-12,AK-12
刻薄的检查员,매서운 심사관
冷漠的检查员,냉담한 심사관
观察小队,관찰팀
反应小队,신속대응팀
尖刻的学生,독설적인 학생
好奇的学生,호기심 많은 학생
颓废的学生,염세적인 학생
时事版记者,시사부 기자
科技版记者,과학부 기자
财经版记者,경제부 기자
披萨先生,피자 씨
小欧菲露妮,어린 오르페루네
广播声,안내방송
男人的声音,남성 목소리
女人的声音,여성 목소리
老人的声音,노인 목소리
贝欧尼斯,베오니스
元气的人形,활기찬 인형
镇定的人形,침착한 인형
陌生的声音,낯선 목소리
无奈的学生,체념한 학생
羡慕的学生,부러운 학생
低落的学生,낙담한 학생
导师,지도교수
兴奋的研究员,흥분한 연구원
讨好的研究员,아부하는 연구원
前台,프론트 접수원
医生,의사
清澈的声音,맑은 목소리
凯文,케빈
长者的声音,나이든 목소리
格琳娜的声音,카리나의 목소리
警卫的声音,경관의 목소리
少女的声音,소녀의 목소리
“她”,“그녀”
狗狗1号,멍멍 1호
？？？？？,?????
智能体A,지능체A
智能体B,지능체B
智能体C,지능체C
智能体的声音A,지능체 목소리 A
智能体的声音B,지능체 목소리 B
熵病毒,엔트로피 바이러스
智能体的声音C,지능체 목소리 C
智能体的声音D,지능체 목소리 D
小智能体,꼬마 지능체
小智能体H3061,지능체 H3061
贝蒂,베티
阿比盖尔,아비게일
薮春,수춘
刘易斯&帕斯卡,루이스 & 페르시카
维普雷,베프리
教授,교수
聚合熵病毒,융합 엔트로피
帕斯卡？,페르시카?
教授？,교수?
网络安全小助手,안심안전도우미
机兵狂热粉,기병매니아
晨光曦微,새벽햇살
NotREAL?,NotREAL?
星空探索者,별하늘탐사
疾焰狮子斩,사자열화참
紫丁香的草药师,라일락약초사
愤怒的围观者,분노한 구경꾼
帕斯卡&刘易斯,페르시카 & 루이스
格琳喵教练,카리냥 코치
贝瑞菲尔,베라이펠
老妇人,노부인
安娜,안나
雷达,레이더
DP-12,DP-12
陌生的工作人员,낯선 직원
另一个陌生的工作人员,다른 낯선 직원
曼尼安保小队队长,매그니 소대장
噩兆小队成员,흉조 소대원
曼尼安保小队成员,매그니 소대원
不安的人形,불안한 인형
急躁的人形,조급한 인형
翡图萨（？）,파에투사(?)
乌尔丽德？,울리드...?
海伦？,...헬렌?
规矩的人形,고지식한 인형
呆滞的人形,멍한 인형
冷淡的人形,쌀쌀맞은 인형
无表情的人形,무표정한 인형
污染区商贩,오염지대 상인
小兵蚁,꼬마 디너게이트
附近的居民,근처의 주민
衣着简陋的小女孩,옷차림이 남루한 소녀
货车前辈,트럭 선배
供应商,공급상
“货车个性化导航系统”,"커스텀 트럭 내비게이션 시스템"
黑帮成员,갱단원
安德烈,안드레이
忙碌的同事,바쁜 직장 동료
通讯装置,통신 장치
车载广播,차내 라디오
樱花&货车前辈,사쿠라 & 트럭 선배
谄媚的瓦良格帮,아부쟁이 바랴그단원
瓦良格帮小队头目,바랴그단 소대장
慌张的瓦良格帮,당황한 바랴그단
长城列车守军,장성열차 주둔군
RFB,RFB
站长,소장
黑帮成员们,갱단원들
樱花&安德烈,사쿠라 & 안드레이
维拉,빌라
裁判长,심판장
台下观众,관객
热情的同事,열정적인 직장 동료
温柔的同事,상냥한 직장 동료
盒子,상자
逃脱者小弟,탈주자 똘마니
逃脱者老大,탈주자 보스
扩音器&大屏幕,확성기 & 대형 스크린
心愿怪盗Z,소원 괴도 Z
希娅,시아
凶狠的誓卫军,사나운 위대
抢劫的人们,강도들
乔治,조지
白怀德,화이더
巡逻的誓卫军,순찰하는 보위군
警报声,경보
制药厂安保小队,제약공장 보안팀
DSR-50？,DSR-50?
瓦西尔,바실
莫科什誓卫军,모코쉬 보위군
特殊任务小队二组组长,특수작전팀 2분대장
警惕的队员,경계하는 대원
怀疑的队员,의심하는 대원
大喊的队员,소리치는 대원
看守,간수
闪电＆乌尔丽德,그로자 & 울리드
誓卫军第三小队队长,방위대 제3소대장
M200,M200
盖娅,가이아
简易通讯器,간이 통신기
莫科什誓卫,모코쉬 방위대
莫科什居民,모코쉬 주민
薇拉,벨라
仓库工人,창고 인부
温和的人形,다정한 인형
众人形,인형들
虚弱的囚犯,허약한 죄수
激动的囚犯,흥분한 죄수
热情的囚犯,열정적인 죄수
好奇的囚犯,궁금해하는 죄수
E.L.I.D.患者,E.L.I.D. 환자
药厂负责人,제약공장 책임자
餐车店员,푸드트럭 점원
米什提,미슈티
沃夫加,볼프강
底层人领袖,빈민층 우두머리
工头,작업반장
誓卫小队长,보위군 소대장
沮丧的誓卫军,울적한 방위대
动摇的誓卫军,동요하는 방위대
莫科什的百姓,모코쉬 일반인
底层人民领袖,빈민층 우두머리
雇佣军军官,용병 장교
佐伊,조이
>永远’s LZ,>영원's LZ
>杠精英技术员,>반항 엘리트 기술자
> MIMimiMICats,> MIMimiMICats
莉迪亚,리디아
稚嫩的声音,어린 목소리
警戒的侍从,경계하는 시종
慌张的侍从,당황한 시종
侍从长,집사장
粗鲁的声音,험상궂은 목소리
清脆的声音,맑은 목소리
财团打手,재단의 하수인
电子音,전자음성성
火警,소방수
链讯客服,씨링크 상담원
着急的菠萝,초조한 파인애플
碳酸肥皂,탄산비누
财团人形部队,재단 인형 부대
硅砂港女孩,포르트 미카의 여자아이
硅砂港男孩,포르트 미카의 남자아이
黛拉,델라
硅砂港女孩&男孩,포르트 미카 아이들
Mk23,Mk23
翼骑兵成员,비익기병대원
卢卡,루카
伊凡娜,이반나
帕维尔,파빌
星渊,아타락시스
图鲁尔,투어
乔扎,죠자
季风,계절풍
冒犯的学者,당돌한 학자
贝丽丝,베리스
约瑟夫,요셉
斯隆,슬론
P.M.C.人员,PMC 대원
集市商贩,시장 상인
铁砂团成员,철사단 단원
阿加莎,아가사
狙击手,저격수
契科,체코
瓦良格帮A,바랴그단 A
瓦良格帮B,바랴그단 B
瓦良格帮首领,바랴그단 우두머리
拉缇,라티
铁砂团成员A,철사단 단원 A
铁砂团成员B,철사단 단원 B
线人,정보원
曼尼安保队员,매그니 대원
瓦良格帮老大,바랴그단 보스
铁砂团叛徒,철사단 배신자
赏金猎人,현상금 사냥꾼
研究室主任,연구실 주임
Vier,Vier
Een,Een
Twee,Twee
Drie,Drie
视频中的卡萝,영상 속의 쿠로
视频中的贝丽丝,영상 속의 베리스
P90,P90
同事,동료
摄像头,CCTV
神探,명탐정
助手,조수
审问官,심문관
罗德里格,로드리고
维季亚兹,비탸지
雅妮娜,야니나
告死鸟,코르부스
治安调度中心,치안 관제 센터
治安队长,치안 대장
新人治安官,신입 치안관
鉴识人员,감식 반원
主理人,지배인
信徒A,신도 A
新人治安员,신입 치안 대원
房东,집주인
天使,천사
男子,남자
达莉娅,다리아
治安队员,치안 대원
电台主持人,라디오 진행자
嘉宾,게스트
电影台词,영화 대사
义商,의로운 상인
路人,행인
黑影,검은 그림자
MIMimiMISuki,MIMimiMISuki
拍摄者,촬영자
教徒头子,교도 우두머리
教徒,교도
匕首帮成员,단검파 조직원
现场调查人员,현장 조사원
奥列娜,올레나
奥列娜？,올레나?
封锁程序,봉쇄 프로그램
教徒头目,교도 두목
“MIMi”,“MIMi”
\MIMi\,\MIMi\
A29000001,A29000001
A29000002,A29000002
A29000003,A29000003
A29000004,A29000004
A29000005,A29000005
A29000006,A29000006
A29000007,A29000007
A29000008,A29000008
###, ###,
精명的工作人员,눈치 빠른 직원
厄舍,우세리
青年军官,젊은 장교
大型伯介姆,대형 부점
帕拉蒂斯徒从,패러데우스 신도
通讯频道,통신 채널
乘务员,승무원
警示声,경보음
“海伦娜”,“헬레나”
闪电&可露凯,그로자 & 클루카이
春田&朝晖,스프링필드 & 조휘
丹德莱&佩里缇亚,댄들라이 & 페리티아
埃芙&闪电,앨바 & 그로자
“母亲”,“어머니”
STR-01A247,STR-01A247
帕拉蒂斯人形,패러데우스 인형
莫娜,모나
朱诺,주노
得过且过的技术人员,건성인 기술자
谄媚的技术人员,아부하는 기술자
一丝不苟的技术员,꼼꼼한 기술자
技术员,기술자
麻木的技术员,무신경한 기술자
曼尼安保小队长,매그니 소대장
朱诺&闪电,주노 & 그로자
美玲＆樱花,메이링 & 사쿠라
指令输入>,명령 입력>
数据记录>,데이터 기록>
战战兢兢的誓卫军,겁많은 보위군
胆大的誓卫军,대담한 보위군
“闪电”,“그로자”
排队旅客,줄 서는 관광객
检查员,검사 인원
房产经纪人,부동산 매니저
工作者,일꾼
斯奈贝尔,슈나이벨
幽灵,유령
施特劳斯,슈트라우스
列车广播,열차 방송
琼斯,존스
艾莉芙,엘리프
科德韦尔,콜드웰
克拉索,클라소
丽萨,리자
OTs-14&闪电,OTs-14 & 그로자
帕拉蒂斯众,패러데우스 일당
M4 SOPMODⅡ,M4 SOPMODⅡ
RO635,RO635
M4 SOPMODⅡ&索普,M4 SOPMODⅡ & 소프
Jr,Jr
RO635&洛贝拉&Jr,RO635 & 로벨라 & Jr
洛贝拉&Jr,로벨라 & Jr
居民A,주민 A
居民B,주민 B
视频,영상
爱因斯,아인스
米卡,미카
萨沙,사샤
瓦利亚,발리야
乔治&芙铃,조지 & 페일린
卡米尔,카밀
海伦&乌尔丽德&巴希达,헬렌 & 울리드 & 바틸다
黄区难民,옐로우존 난민
热忱的年轻人,열정적인 청년
紧张的年轻人,긴장한 청년
平板电脑,태블릿 PC
希罗底守卫,시로디아 경비병
曼尼安保人形,매그니 시큐리티 인형
瓦利亚的爸爸,발리야의 아빠
瓦利亚&萨沙,발리야 & 사샤
曼尼安保士官,매그니 시큐리티 부사관
狂猎,와일드 헌트
维克托&贝丝蒂,벡터 & 바스티
抵抗的年轻人,저항하는 청년
朗尼&施特劳斯,로니 & 슈트라우스
G41,G41
“掌管D65唯一的神明”,'D65를 관장하는 유일신'
丽兹,리즈
女性村民,마을 여자
男性村民,마을 남자
白烨戈,벨루가
露尼西,루니샤
永远’s LZ,>영원한 완장
杠精英技术员,>초엘리트 기술자
MIMimiMICats,> MIMimiMICats
粗俗的瓦良格帮,천박한 바랴그단원
瓦良格帮守卫,바랴그단 경비병
铁砂团士兵,철사단 병사
夏朵利兹,섀도리스
是梭鱼,스피라에나
阿姆尼之壳,옴니셸 드론
海琳,헬린
M4A1,M4A1
AR-15,AR-15
奇洛威格,칠로베이그
梦想家,드리머
破坏者,디스트로이어
代理人,에이전트
机灵的情报人形,영리한 정보 인형
严谨的情报人形,진지한 정보 인형
坚毅的人形们,의연한 인형들
托卡列夫,토카레프
李·恩菲尔德,리 엔필드
MG36,MG36
AR小队全员,AR소대 전원
威严的女声,위엄 있는 여성 목소리
狱警,교도관
K2,K2
MDR,MDR
AA12,AA-12
95式,95식
WA2000,WA2000
失去武装的战术人形,무장을 잃은 전술인형
帕那刻亚,파나케이아
曼尼安保成员小队长,매그니 대원 소대장
针？,이그라?
不耐烦的曼尼安保成员,짜증 내는 매그니 대원
冷淡的曼尼安保成员,냉담한 매그니 대원
受伤的莫科什誓卫军,부상당한 모코쉬 보위군
另一位受伤的誓卫军,부상당한 또 다른 보위군
受伤的黄区居民,부상당한 옐로우존 주민
AA-12,AA-12
弗拉基米尔,블라디미르
六分仪-一形态,섹스턴스-제1형태
男性路人,행인 남성
SoundOnly测试,SoundOnly 테스트
男性路人戴帽子,모자 쓴 행인 남성
年轻帕拉蒂斯徒从,젊은 패러데우스 신도
年老帕拉蒂斯徒从,늙은 패러데우스 신도
小哔原型,삐삐 프로토타입
显示名字测试,이름 표시 테스트
普通人形,일반 인형
中年女性,중년 여성
勘测部队士兵A,조사부대 병사 A
勘测部队士兵B,조사부대 병사 B
比悠卡SSR,비욜카 SSR
乌琪SSR,루체 SSR
蓝雪球战损,블루스피어 중상
德米特里年长,드미트리(노년)
米什缇SSR,미슈티 SSR
哈卜茜SSR,하프시 SSR
德米特里年轻,젊은 드미트리
维尔德SSR,웰로드 SSR
可露凯SSR,클루카이 SSR
维克托SSR,벡터 SSR
波文·肯德拉,보웬 켄드라
幼熙SSR,유희 SSR
佩莉SSR,페리 SSR
秋桦SSR,추화 SSR
绯SSR,페이 SSR
妮基塔SSR,니키타 SSR
小哔丹德莱,삐삐 댄들라이
眨眼开,눈 깜빡임 시작
眨眼维持,눈 깜빡임 유지
眨眼关,눈 깜빡임 종료
闭眼开,눈 감기 시작
闭眼维持,눈 감기 유지
闭眼关,눈 감기 종료
白区男性,화이트존 남성
白区女性,화이트존 여성
白区男孩,화이트존 남자아이
白区女孩,화이트존 여자아이
绿区男性,그린존 남성
绿区女性,그린존 여성
绿区男孩,그린존 남자아이
绿区女孩,그린존 여자아이
黄区男性,옐로우존 남성
黄区女性,옐로우존 여성
黄区男孩,옐로우존 남자아이
黄区女孩,옐로우존 여자아이
小雨结束,가랑비 종료
大雨,큰비
大雨结束,큰비 종료
暴雨,폭우
暴雨结束,폭우 종료
全屏闪光,전체 화면 섬광
全屏闪光结束,전체 화면 섬광 종료
齐默尔曼（里）,치머만(내면)
莱娅SSR,리바 SSR
埃芙SSR,앨바 SSR
洛贝拉SSR,로벨라 SSR
索普NPC,소프 NPC
黑闪电,검은 그로자
G11女仆,G11 메이드
睁眼,눈 뜨기
睁眼结束,눈 뜨기 종료
醒来,기상
醒来结束,기상 종료
眨眼示意,눈짓
眨眼示意结束,눈짓 종료
受击,피격
受击结束,피격 종료
受伤出血,부상 출혈
受伤出血结束,부상 출혈 종료
左刀光,좌측 검광
左刀光结束,좌측 검광 종료
右刀光,우측 검광
右刀光结束,우측 검광 종료
左搏击弧线,좌측 격투 궤적
左搏击弧线结束,좌측 격투 궤적 종료
右搏击弧线,우측 격투 궤적
右搏击弧线结束,우측 격투 궤적 종료
照相闪光,카메라 플래시
照相闪光结束,카메라 플래시 종료
爆炸结束,폭발 종료
子弹受击,총격 피격
子弹受击结束,총격 피격 종료
警报结束,경보 종료
崩塌落石,붕괴 낙석
崩塌落石结束,붕괴 낙석 종료
夜视仪,야간 투시경
夜视仪结束,야간 투시경 종료
录制界面,녹화 화면
录制界面结束,녹화 화면 종료
火星飘落,불티 흩날림
火星飘落结束,불티 흩날림 종료
莱妮SSR,레니 SSR
莱妮蝴蝶,레니 나비
莱娅蝴蝶,리바 나비
莱娅一代,리바 1세대
芙洛伦SSR,플로렌스 SSR
莱娜潜入装,레나 잠입복
威玛西娜SSR,보이마스티나 SSR
奇洛薇格白大褂,칠로베이그 가운
格琳娜病服,카리나 환자복
6P62BOSS,6P62 보스
欧菲露妮研究员,오르페루네 연구원
欧菲露妮正装,오르페루네 정장
安洁莉娅武装,안젤리아 무장
6P62怪盗,6P62 괴도
乔治年轻,젊은 조지
瓦西尔监禁,바실 감금
瓦西尔年轻,젊은 바실
乌尔丽德面具,울리드 가면
罗蕾莱SSR,로렐라이 SSR
罗蕾莱狱警,로렐라이 교도관
闪电面具,그로자 가면
克罗丽科面具,캐롤릭 가면
索米面具,수오미 가면
财团人形,재단 인형
六分仪投放,섹스턴스 투입
纳美西丝异构体,네메시스 이성질체
星渊（幼）,아타락시스(어림)
黑眼一形态,다츄어 제1형태
丹德莱炸毛,댄들라이 발끈
莱娅西装,리바 정장
曼尼安保成员B,매그니 대원 B
夏安战损,샤이엔 중상
夏安仓管,샤이엔 창고지기
玛绮朵小熊,마키아토 곰돌이
春田咖啡馆,스프링필드 카페
春田少1,스프링필드 소녀1
莱娜日常装,레나 일상복
埃芙B,앨바 B
弗拉格,플래그
配送员B,배달원 B
普通人形A,일반 인형 A
配送站站长,배송소장
配送员A,배달원 A
黄区女工,옐로우존 여성 노동자
知穗NPC,지수 NPC
波波沙SSR,파파샤 SSR
海伦娜附体,헬레나 빙의
闪电SR,그로자 SR
克罗丽科SR,캐롤릭 SR
樱花SSR,사쿠라 SSR
纳美西丝SP,네메시스 SP
闪电战损,그로자 중상
斗篷人,망토 쓴 사람
佩里缇亚SSR,페리티아 SSR
黑眼战损,다츄어 중상
黑闪电战斗,검은 그로자 전투
黑闪电投放,검은 그로자 투입
黑闪电婚纱,검은 그로자 웨딩드레스
技术人员女,기술자 여
普通军人女,일반 군인 여
技术人员男,기술자 남
普通军人男,일반 군인 남
指挥官一代,지휘관 1세대
闪电一代,그로자 1세대
闪电礼服,그로자 드레스
索普投放,소프 투입
索普一代,소프 1세대
官方武装人员男,공식 무장 인원 남
通用生骸,범용 시생물
雇佣兵男,용병 남
纳美西丝人类,네메시스 인간
科德韦尔年轻,젊은 콜드웰
科德韦尔防护服,콜드웰 방호복
雇佣兵女,용병 여
格琳娜休闲服,카리나 사복
JR,Jr
医护人员男,의료진 남
特工男,요원 남
官方武装人员女,공식 무장 인원 여
医护人员女,의료진 여
特工女,요원 여
格琳娜防护服,카리나 방호복
莱布妮丝防护服,라이브니스 방호복
兰汀防护服,렌틴 방호복
神秘人2,수수께끼의 인물 2
洛贝拉一代,로벨라 1세대
茧二阶段,코쿤 2단계
V3机器人,V3 로봇
白区老人男,화이트존 노인 남
白区老人女,화이트존 노인 여
绿区老人男,그린존 노인 남
绿区老人女,그린존 노인 여
黄区老人男,옐로우존 노인 남
黄区老人女,옐로우존 노인 여
芙铃投放,페일린 투입
白烨戈NPC,벨루가 NPC
杜莎妮SSR,드셰브니 SSR
阿斯缇亚投放,아스테리아 투입
丹德莱战斗,댄들라이 전투
奇洛薇格涅托,칠로베이그 니토
格琳娜战斗,카리나 전투
李恩菲尔德,리 엔필드
经纪人,매니저
伊格蕾塔&？？？,이글레타 & ???
切利娅,첼리아
吉塞拉,지젤라
路过的学生,지나가던 학생
海泽尔,헤이젤
一无所知的赏金猎人,아무것도 모르는 현상금 사냥꾼
知道很多的赏金猎人,많은 것을 아는 현상금 사냥꾼
前台接待,프론트 접수원
谄媚的总务部部长,아부하는 총무부장
裘德,주드
珂狄赛普,코디셉스
左右逢源的摊贩,능수능란한 노점상
跑腿的小孩,심부름하는 아이
抱怨的常客,불평하는 단골
P38,P38
匆忙的路人,서두르는 행인
会场主持,행사장 사회자
伊斯雷,이슬리
墨丘利之音制作人,머큐리의 목소리 제작자
财团中高层,재단 중견 간부
沉稳的赏金猎人,침착한 현상금 사냥꾼
惊慌失措的顾客,허둥대는 고객
P.M.C.机械,P.M.C. 기계
癫狂的妮特？,미쳐버린 니터?
恐怖的妮特？,무시무시한 니터?
阴森的妮特？,음산한 니터?
物流站站长,물류 터미널 소장
怯懦的妮特？,겁먹은 니터?
物流站人员,물류 터미널 직원
餐厅员工,식당 종업원
急躁的餐厅老板,성급한 식당 주인
神情空洞的女孩,표정이 텅 빈 소녀
谨慎的治安队成员,신중한 치안대원
西奥,테오
海莉,헤일리
粗心的工作人员,부주의한 직원
年轻的吉塞拉,젊은 지젤라
开心的妮特？,즐거운 니터?
抱怨的妮特？,불평하는 니터?
稳重的妮特？,점잖은 니터?
曼尼安保武装小队队长,매그니 무장 소대장
严肃的曼尼安保成员,엄숙한 매그니 대원
流泪的中年女子,눈물짓는 중년 여성
穿着考究的男子,차림새가 정갈한 남성
阿伦,앨런
被操控的小女孩,조종받는 여자아이
黄区难民A,옐로우존 난민 A
黄区难民B,옐로우존 난민 B
黄区难民C,옐로우존 난민 C
黄区难民D,옐로우존 난민 D
车站广告,역내 광고
自信的路人,자신감 넘치는 행인
笃信的路人,굳게 믿는 행인
被采访者,인터뷰 대상자
视频的声音,영상 속 목소리
疑似黄区居民,옐로우존 주민으로 추정